fuente,marca,modelo_dnrpa,modelo_fuente,motivo
cca,TOYOTA,SW4,HILUX SW4,La CCA lo lista como variante de la Hilux
cca,CITROEN,AIRCROSS,C 3 AIRCROSS,DNRPA omite el C3 en el Aircross 2026
cca,RENAULT,STEPWAY,SANDERO STEPWAY,DNRPA omite Sandero
cca,RENAULT,OROCH,DUSTER OROCH PICK - UP,DNRPA omite Duster
cca,NISSAN,X-TRAIL,XTRAIL,Guion entre letras
cca,MG,MG3,3 HYBRID,La CCA no repite la marca en el modelo
cca,BAIC,X55,X55 CROSSOVER,La CCA agrega Crossover
cca,JEEP,GRAND CHEROKEE,CHEROKEE GRAND,La CCA invierte el orden de las palabras
service,JEEP,GRAND CHEROKEE,CHEROKEE GRAND,La CCA invierte el orden de las palabras
service,VOLKSWAGEN,CC,PASSAT CC,VW publica "CC" y la CCA lo lista como Passat CC
cca,VOLKSWAGEN,TAKE UP,UP!,DNRPA antepone la version al nombre ("TAKE UP! 1.0")
cca,VOLKSWAGEN,HIGH UP,UP!,DNRPA antepone la version al nombre ("HIGH UP! 1.0")
cca,VOLKSWAGEN,MOVE UP,UP!,DNRPA antepone la version al nombre ("MOVE UP! 1.0")
cca,VOLKSWAGEN,PEPPER UP,UP!,DNRPA antepone la version al nombre ("PEPPER UP! 1.0")
cca,VOLKSWAGEN,CROSS UP,UP!,DNRPA antepone la version al nombre ("CROSS UP! 1.0")
cca,VOLKSWAGEN,WHITE UP,UP!,DNRPA antepone la version al nombre ("WHITE UP! 1.0")
cca,VOLKSWAGEN,BLACK UP,UP!,DNRPA antepone la version al nombre ("BLACK UP! 1.0")
service,TOYOTA,SW4,HILUX SW4,La CCA lo lista como variante de la Hilux
service,TOYOTA,CH-R,C - HR,La CCA lo escribe "C - HR"
service,RENAULT,OROCH,DUSTER OROCH PICK - UP,La CCA lo lista como variante de la Duster
service,RENAULT,MEGANE III/ RS,MEGANE III,"La barra pegada (""III/"") no cruza por prefijo"
service,BYD,SHARK,SHARK DMO,La CCA agrega el tipo de motor (DMO)
service,FORD,MUSTANG MACH E,(sin familia),"SUV electrico; la CCA no lo tiene y el prefijo lo unia al Mustang V8"
cca,FORD,MUSTANG MACH E,(sin familia),"SUV electrico; la CCA no lo tiene y el prefijo lo unia al Mustang V8"
repuestos,TOYOTA,HIL,HILUX PICK - UP,Abreviatura en titulos de repuestos
repuestos,RENAULT,LOG,LOGAN,Abreviatura en titulos de repuestos
repuestos,RENAULT,MEG,MEGANE,Abreviatura en titulos de repuestos
repuestos,RENAULT,CLIOII,CLIO,Clio II escrito pegado
repuestos,RENAULT,R19,19,DNRPA lo nombra '19'; el numero solo no se busca en titulos
repuestos,RENAULT,R9,9,DNRPA lo nombra '9'; el numero solo no se busca en titulos
repuestos,RENAULT,R12,12,DNRPA lo nombra '12'; el numero solo no se busca en titulos
repuestos,RENAULT,R21,21,DNRPA lo nombra '21'; el numero solo no se busca en titulos
repuestos,RENAULT,R18,18,DNRPA lo nombra '18'; el numero solo no se busca en titulos
repuestos,CITROEN,BERL,BERLINGO,Abreviatura en titulos de repuestos
repuestos,CITROEN,XSA,XSARA,Abreviatura en titulos de repuestos
repuestos,PEUGEOT,PART,PARTNER,Abreviatura en titulos de repuestos
repuestos,FORD,ECOSP,ECOSPORT,Abreviatura en titulos de repuestos
repuestos,FORD,FIES,FIESTA,Abreviatura en titulos de repuestos
