provincia_id,anio_fiscal,base_oficial,coeficiente_base,base_usada,precision,ciudad_referencia,tope_tasa_efectiva_pct,recargo_pct,ajustes,fuera_de_escala,fuente
06,2026,Valores ACARA x 0.95 (usados),0.95,Valuacion fiscal DNRPA x 0.95,estimado,,,0,Cada cuota se actualiza por IPC GBA (art. 167),"Modelos 1990-2015 pagan al municipio (art. 34); pick-ups y furgones afectados a actividad economica: 1,5% (art. 33 inc. B)",Ley 15.558 arts. 33-35 y 167 (BO PBA 15-12-2025) https://www.arba.gov.ar/archivos/Publicaciones/leyimpositiva2026.pdf
02,2026,Tabla del art. 420 del Codigo Fiscal (en 2026: valores ACARA),1,Valuacion fiscal DNRPA,estimado,,6,10,"AGIP topeo el aumento 2026 en 31,8% sobre lo pagado en 2025: la patente real depende del anio anterior y puede ser menor que esta estimacion","Recargo del 10% (inc. f, Fondo Subte) aplicado despues del tope del 6% y del minimo: la ley no aclara el orden. Exentos (Codigo Fiscal art. 433, segun AGIP y prensa): modelos con 25 anios o mas (20 desde 2027) y hibridos/electricos 0 km (art. 54: si valen mas de $91.150.000, un solo anio), no aplicado. La tabla de valuacion llega a 2002, asi que la exencion por antiguedad no cambia nada aca",Ley 6927 art. 50 (fe de erratas del anexo) https://documentosboletinoficial.buenosaires.gob.ar/publico/PL-FEERR-LCABA-LCABA-6927-25-ANX.pdf
14,2026,Tablas DNRPA (o ACARA si no hay dato DNRPA),1,Valuacion fiscal DNRPA,base_oficial,,,0,Rentas puede ajustar la valuacion mensualmente y reliquidar las cuotas por vencer (art. 55 pto. 4),"Modelos 2016 y anteriores exentos salvo 2009-2016 con valuacion >= $19.400.000 (art. 57); hibridos y electricos fabricados en Cordoba pagan 50% (art. 60, no aplicado)",Ley 11.090 arts. 55-60 (Cordoba) https://www.rentascordoba.gob.ar/cms/wp-content/uploads/2025/12/ley_n%C2%B0_11090_%E2%80%93_ley_impositiva_anual_2026.pdf
82,2026,"Tabla de valuaciones propia de API (precios de mercado, AFIP, seguros, camaras)",1,Valuacion fiscal DNRPA,estimado,,,0,Tope de aumento del 30% sobre 2025 para modelos 2022 y anteriores; 35% de descuento por pago anual (no aplicados),"Autos de mas de 20 anios y pick-ups de mas de 25, exentos. Autos de mas de 15 anios: monto fijo de 700 MT ($9.100), interpretacion",API Santa Fe https://www.santafe.gov.ar/e-pt-cons-valua/ALICUOTAS-MT.pdf
50,2026,Valores ACARA (ATM los ajusta),1,Valuacion fiscal DNRPA,estimado,,,0,Hibridos y electricos sin deuda pagan 50% (no aplicado),"Alicuota por categoria sobre el valor total (con saltos entre categorias). Modelos 2000-2005: pago unico liberatorio opcional. Pick-ups de mas de 4.000 kg: 0,3%",Ley 9680 art. 9 (Mendoza) https://atm.mendoza.gov.ar/wp-content/uploads/2025/12/Ley-Impositiva-2026.pdf
90,2026,Precios ACARA (o valuacion DNRPA si la actualiza),1,Valuacion fiscal DNRPA,estimado,,,0,"La DGR puede adecuar los valores cada trimestre (Ley 8467 art. 16), no aplicado",Autos de mas de 15 anios exentos si valen hasta $15.594.760 (CTP art. 307 inc. 13; monto 2026 segun la Guia de Tramites oficial de Tucuman); pick-ups de mas de 30 anios exentas,Ley 8467 arts. 15-17 y Codigo Tributario Ley 5121 arts. 300-301 (Tucuman) https://www.rentastucuman.gob.ar/nomina/rentastuc2/nwx1ut2pa3lo/leyimpositiva.pdf
10,2026,Valuacion DNRPA al 1/1/2026 (no menos del 95%),1,Valuacion fiscal DNRPA,base_oficial,,,0,"El impuesto 2026 no puede superar el 29,6% del de 2025 (art. 7, literal; no aplicado). Descuentos por pago anual y debito (art. 12), no aplicados","Camionetas cabina simple y utilitarios: 1,5% (cat. B); la mayoria de los registros DNRPA no distingue la cabina, se aplica 2%. Hibridos y electricos 1,5% (no aplicado). Exentos 20 anios o mas: modelos 2005 y anteriores (art. 11)",Ley 5927 arts. 6-11 (Catamarca) https://dgrentas.arcat.gob.ar/leyes_Decretos/2026/legislacion_leyes%20y%20decretos_2026_ley5927.pdf
74,2026,Tablas propias de la DPIP (organismos oficiales y mercado),1,Valuacion fiscal DNRPA,estimado,,,0,"Descuento del 30% o 40% por cumplimiento (art. 43) y bonificaciones de hasta 50% (art. 40), no aplicados",Alicuota sobre el valor total segun categoria de valuacion. Modelos 2010 y anteriores exentos (art. 42). Hibridos y electricos: 25% de bonificacion (no aplicado),Ley VIII-0254-2025 arts. 40-42 (San Luis) https://dpip.sanluis.gov.ar/rentas_sanluis/Normativas/Leyes/2025/LEY%20IMPOSITIVA%20N%C2%BA%20VIII-0254-2025.pdf
46,2026,Valuacion DNRPA de enero de 2026,1,Valuacion fiscal DNRPA,base_oficial,,,0,"Descuentos por pago contado (20%) o semestral (10%), no aplicados","Pagan solo modelos 2011 en adelante (art. 8). Cat. B (1,5%) solo si se acredita afectacion a actividad economica: a las pick-ups se aplica 2,5%. Hibridos y electricos 0% el primer anio y 1,25% el segundo (no aplicado)",Ley Impositiva 2026 arts. 6-8 (La Rioja) https://www.dgiplarioja.gob.ar/archivos/Legislacion/Leyes%20Impositivas/LEY%20IMPOSITIVA%202026.pdf
62,2026,"Valuacion fiscal de ART (fuentes de mercado, art. 25)",1,Valuacion fiscal DNRPA,estimado,,,0,"El impuesto 2026 no puede superar en mas de 25% al de 2025 (art. 24): la patente real puede ser menor. Bonificaciones por pago, no aplicadas","Exentos los modelos 2006 y anteriores (Ley 1284 art. 16 inc. j y Ley 5837 art. 27). Movilidad sostenible: 50% (art. 27 bis, no aplicado)",Ley 5837 art. 24 (Rio Negro) https://web.legisrn.gov.ar/legislativa/legislacion/documento?id=11108
66,2026,Valuacion del vehiculo segun el Codigo Tributario Municipal (art. 125),1,Valuacion fiscal DNRPA,aproximacion_municipal,Salta (77% del parque de la provincia),,0,"Transicion: para vehiculos registrados antes de 2025 el impuesto mensual no puede ser menor ni mayor al 40% del de diciembre 2024 ajustado por UT (art. 10), no aplicado: la patente real puede diferir mucho. Valuaciones readecuadas cada trimestre (art. 11)",Vehiculos de mas de 20 anios no pagan este impuesto sino la Tasa de Proteccion Ambiental: 5 UT por mes (art. 90). Cada municipio de Salta fija su propio impuesto,"Ordenanza Tributaria Anual 2026 de la Ciudad de Salta, art. 10 (BO Municipal 2.753, Separata II) https://municipalidadsalta.gob.ar/wp-content/uploads/2025/12/BOLETIN-No-2.753-Fecha-de-Edicion-Viernes-19-Diciembre-2025-SEPARATA-II-TRIBUTARIA-CON-FIRMA-DIGITAL.pdf"
34,2026,Valor testigo de ACARA,1,Valuacion fiscal DNRPA,aproximacion_municipal,Formosa (73% del parque de la provincia),,0,Bonificaciones por pago anual (no aplicadas),Sin exencion por antiguedad (Codigo Tributario art. 212: solo exenciones subjetivas). Cada municipio de Formosa fija su propio tributo,"Codigo Tarifario 2026 de la Ciudad de Formosa, art. 10 (Contribucion por servicios que inciden sobre los vehiculos) https://www.formosatuciudad.gob.ar/archivos/ATENCION_CIUDADANA/C%C3%B3digo_Tarifario_y_Tributario/2026/C%C3%B3digo%20Tarifario%202026%20(01-07-26).pdf"
26,2026,Valuaciones ACARA al 25/09/2025 (Res. 74/25 del Consejo Provincial de Responsabilidad Fiscal),1,Valuacion fiscal DNRPA,aproximacion_municipal,Comodoro Rivadavia (42% del parque de la provincia),,0,"Minimo mensual de 5.102 modulos para vehiculos de hasta 20 anios (modulo de $2,94, que se actualiza cada bimestre): se usa el valor inicial","Las valuaciones son provinciales (Res. 74/25) pero la alicuota es de cada municipio: Comodoro 2,7%, Puerto Madryn 2,5% autos y 2% utilitarios (Ord. 14.576)","Ordenanza Tributaria Anual 2026 de Comodoro Rivadavia, art. 19 (BO Municipal 184/2025) https://www.comodoro.gov.ar/wp-content/uploads/2025/12/BOL-184-2025.pdf"
42,2026,"Valuaciones propias de la Ley 3636 (Anexos A, B1, B2), en base a ACARA",1,Valuacion fiscal DNRPA,estimado,,,0,"Bonificaciones por buen cumplimiento (5%, 7% o 10%, duplicadas con debito automatico; art. 11), no aplicadas","Exentos los modelos 2013 y anteriores (art. 9; las tablas de valuacion empiezan en 2014). Station wagon, familiares y todo terreno usan la escala del Anexo B1 (2,3% a 3,0%); aca, como el resto de los autos, la del Anexo A: diferencia de hasta 0,2 puntos",Ley 3636 art. 8-9 (La Pampa; texto escaneado) https://digesto.tcuentaslp.gob.ar/digesto%20tribunal/Ley%20Impositiva%20Anual/Ley%203636%20Impositiva%202026.pdf
