marca,descripcion,anio,n,valuacion_codigo,valor_fiscal,cca_modelo,cca_version,desvio_precio,consumo_modelo
VOLKSWAGEN,POLO TRACK MSI MT G1,2026,834,True,37567500,POLO,"5P 1,6 MSI ROBUST 2026",0.15043295401610446,POLO
FORD,TERRITORY TREND 1.5L HIBRIDA AT,2026,820,True,53882600,TERRITORY,"5P 1,8 T AT7 SEL 2025",0.2967573947805042,
FORD,TERRITORY TITANIUM 1.8L AT,2026,679,True,58367500,TERRITORY,"5P 1,8 T AT7 SEL 2025",0.19711586071015552,
FIAT,CRONOS DRIVE PLUS,2026,609,False,,CRONOS,,,
VOLKSWAGEN,TERA TREND MSI MT,2026,544,True,36755250,TERA,"5P 1,6 MSI TREND",0.4952745526149327,
FIAT,FIORINO ENDURANCE 1.3 MT,2026,521,True,29460000,FIORINO,"FURGON 1,3 8V ENDURANCE FIREFLY 2025",0.6105702647657842,
RENAULT,KWID ICONIC BITONO 1.0,2026,509,True,26490000,KWID,"5P 1,0 ICONIC BITONO 2025",0.5277085692714234,
TOYOTA,YARIS XS 1.5 CVT,2026,482,True,34284000,YARIS,"5P 1,5 XS CVT 2023",0.47463014817407556,YARIS
VOLKSWAGEN,AMAROK TRENDLINE TDI MT 4X2 G2,2026,462,True,54980250,AMAROK PICK - UP,"D/C 2,0 TDi 180CV 4X2 TREND G2 2025",0.36416385884021985,AMAROK
TOYOTA,YARIS CROSS XEI HEV 1.5 ECVT,2026,432,True,48457000,YARIS CROSS,"5P 1,5 XLI CVT",0.22363167344243373,YARIS
BYD,ATTO 2 DM-I GS,2026,431,True,45745700,ATTO 2,"5P 1,5 GS DM-I HIBRIDO",0.05970615817442959,
TOYOTA,YARIS CROSS XLI 1.5 CVT,2026,412,True,41464000,YARIS CROSS,"5P 1,5 XLI CVT",0.43000000000000016,YARIS
PEUGEOT,208 ALLURE AT AM26.5,2026,405,True,38840000,208,"5P 1,6 ACTIVE MT5 2026",0.28714727085478886,208
FIAT,CRONOS DRIVE 1.3 GSE CVT BZ,2026,399,True,38000000,CRONOS,"4P 1,3 LIKE GSE 2025",0.3208684210526316,CRONOS DRIVE 1.3
RENAULT,KWID ICONIC OUTSIDER 1.0,2026,386,True,26490000,KWID,"5P 1,0 ICONIC OUTSIDER 2025",0.5277085692714234,
CHEVROLET,CAPTIVA PHEV PREMIER,2026,384,True,52740900,CAPTIVA,"5P 1,5 T PHEV PREMIER",0.48778196807411334,
PEUGEOT,208 GT T200 AM26.5,2026,383,True,43310000,208,"5P 1,6 ACTIVE MT5 2026",0.15430154698683918,208
VOLKSWAGEN,TERA COMFORT 170 TSI AT,2026,376,True,41561750,TERA,"5P 1,6 MSI TREND",0.3223502378990297,
CHEVROLET,ONIX 1.0T LT MT,2026,367,True,31505900,ONIX,"5P 1,0 T LT 2026",0.48796542869748216,ONIX 1.0T
TOYOTA,HILUX 4X4 DC DX 2.4 TDI 6 MT,2026,353,True,57769000,HILUX PICK - UP,"C/S 2,4 TDi 4X2 DX 6MT HAR 2025",0.08349685817653074,HILUX
FIAT,ARGO DRIVE 1.3,2026,352,True,30230000,ARGO,"5P 1,3 DRIVE MT 2025",0.613066490241482,ARGO DRIVE 1.3
TOYOTA,YARIS XLS+ 1.5 CVT 5P,2026,350,True,38084000,YARIS,"5P 1,5 XS CVT 2023",0.32749238525365,YARIS
FIAT,CRONOS LIKE 1.3 GSE BZ,2026,328,True,31120000,CRONOS,"4P 1,3 LIKE GSE 2025",0.6128856041131108,
TOYOTA,YARIS CROSS SEG HEV 1.5 ECVT,2026,317,True,54020000,YARIS CROSS,"5P 1,5 XLI CVT",0.09762162162162169,YARIS
BAIC,BJ30E,2026,317,True,60775000,BJ30,"5P 1,5 AT HYBRID 4X4",0.0,
TOYOTA,HILUX 4X2 DC SR 2.4 TDI 6 AT,2026,315,True,59125000,HILUX PICK - UP,"C/S 2,4 TDi 4X2 DX 6MT HAR 2025",0.05864744186046522,HILUX
HONDA,WR-V DG5 39K EXL,2026,313,True,42490000,WR-V,"5P 1,5 CVT 2026",0.43000000000000016,WR-V
BYD,DOLPHIN MINI EV GS,2026,308,True,34305700,DOLPHIN MINI,,,
TOYOTA,COROLLA CROSS SEG HEV 1.8 ECVT,2026,306,True,63684000,COROLLA CROSS,"5P 2,0 XLI CVT 2027",0.1657989447899002,COROLLA CROSS
CHEVROLET,TRACKER 1.2T AT LTZ,2026,301,True,44707900,TRACKER,"5P 1,2 T 6AT 2026",0.30967412918074877,TRACKER 1.2T
TOYOTA,YARIS CROSS XEI 1.5 CVT,2026,299,True,45260000,YARIS CROSS,"5P 1,5 XLI CVT",0.3100645161290323,YARIS
FIAT,STRADA FREEDOM 1.3 CD,2026,280,True,37710000,STRADA PICK - UP,"C/S 1,3 FIRE FREEDOM 2025",0.3920790241315302,
FORD,RANGER DC XLS 3.0L V6 4X4 10AT D,2026,278,True,71502700,RANGER PICK - UP,"D/C 2,0 TD XL 4X2 AT 2026",0.01315726538997819,RANGER
HYUNDAI,HB 20 AT,2026,270,True,31000000,HB20 SEDAN,"4P 1,6 COMFORT PLUS",0.3096032258064516,
CHERY,TIGGO 7 PRO HYBRID 1.5T MHEV PREMIUM,2026,269,True,47047000,TIGGO 7,"5P 1,5 T 4X2 PREMIUM CVT PRO HYBRID",0.0,
TOYOTA,YARIS S 1.5 CVT,2026,269,True,40956000,YARIS,"5P 1,5 XS CVT 2023",0.23440326203730844,YARIS
TOYOTA,HILUX 4X4 DC SR 2.8 TDI 6 AT,2026,267,True,69326000,HILUX PICK - UP,"D/C 2,4 TDi 4X2 DX 6MT HAR 2025",0.017435738395407352,HILUX
CHEVROLET,ONIX PLUS 1.0T LT MT,2026,256,True,31505900,ONIX,"4P 1,0 T PLUS LT 2026",0.48796542869748216,ONIX PLUS 1.0T
JEEP,COMPASS SERIE-S T270 AT6 FWD,2026,252,True,60210000,COMPASS,"5P 1,3 T270 6AT SPORT 4X2 2024",0.5019631290483308,
CHEVROLET,S10 CD 2.8 TD 4X4 WT AT,2026,251,True,57959900,S-10 PICK - UP,"C/S 2,8 TD 4X2 WT",0.24503475678874542,
CHEVROLET,TRACKER 1.2T LT AT,2026,249,True,39159900,TRACKER,"5P 1,2 T 6AT 2026",0.49522291936394125,TRACKER 1.2T
TOYOTA,HILUX 4X4 DC DX 2.4 TDI 6 AT,2026,244,True,59400000,HILUX PICK - UP,"C/S 2,4 TDi 4X2 DX 6MT HAR 2025",0.05374629629629646,HILUX
BAIC,BJ30E,2026,244,True,51194000,BJ30,"5P 1,5 AT HYBRID 4X2",0.0,
RENAULT,KARDIAN EVOLUTION 156 MT MY25,2026,244,True,37310000,KARDIAN,"5P 1,6 EVOLUTION 2025",0.5357839721254356,
FIAT,TORO FREEDOM 1.3T AT6 4X2,2026,243,True,47490000,TORO PICK UP,D/C T270 6AT 4X2 FREEDOM,0.6133796588755529,TORO FREEDOM
FIAT,FASTBACK TURBO 270 AT,2026,241,True,46230000,FASTBACK,"5P 1,3 TURBO 270 AT6 2026",0.6134285096257843,
VOLKSWAGEN,TAOS HIGHLINE 250TSI AT G1,2026,241,True,65470200,TAOS,"5P 1,4 TSI 250 COMFORTLINE TIPT 2026",0.3135340964286042,TAOS
TOYOTA,HILUX 4X4 DC SRX 2.8 TDI 6 AT,2026,240,True,84349000,HILUX PICK - UP,"D/C 2,4 TDi 4X2 SR 6AT HAR 2025",0.002368137144483251,HILUX
BYD,SEAL U DM-I GS,2026,237,True,71985000,SEAL U DM-i,"5P 1,5 T HIBRIDO",0.046666666666666634,
TOYOTA,COROLLA CROSS XEI HEV 1.8 ECVT,2026,237,True,57355000,COROLLA CROSS,"5P 2,0 XLI CVT 2027",0.29444233283933396,COROLLA CROSS
