fuente,descripcion,codigo,segundos,tipo,host_final,bytes_leidos,error,ultima_modificacion,url
dnrpa,catalogo datos.jus.gob.ar,206,1.31,text/html; charset=utf-8,datos.jus.gob.ar,4096,,,https://datos.jus.gob.ar/dataset?organization=dnrpa-direccion-nacional-del-registro-de-la-propiedad-automotor-y-creditos-prendarios
dnrpa,catalogo datos.gob.ar (tag dnrpa),200,8.03,text/html; charset=utf-8,datos.gob.ar,4096,,,https://datos.gob.ar/dataset?tags=dnrpa
dnrpa,portal DNRPA,206,1.14,text/html; charset=UTF-8,www.dnrpa.gov.ar,4096,,,https://www.dnrpa.gov.ar/portal_dnrpa/
combustible,dataset precios en surtidor,200,3.74,text/html; charset=utf-8,datos.energia.gob.ar,4096,,,http://datos.energia.gob.ar/dataset/precios-en-surtidor
consumo,pagina etiqueta vehicular,403,1.23,text/html,www.argentina.gob.ar,0,Forbidden,,https://www.argentina.gob.ar/economia/energia/eficiencia-energetica/etiqueta-vehicular/datos-abiertos
consumo,dataset etiqueta (link que daba 404),404,5.38,text/html; charset=utf-8,datos.gob.ar,0,Not Found,,https://datos.gob.ar/dataset/ambiente-certificaciones-emisiones-gases-efecto-invernadero-consumo-vehiculos-livianos
acara,guia ACARA (acaramotos),,31.45,,,0,URLError: timed out,,https://www.acaramotos.org.ar/guia-oficial-de-precios.php
acara,ACARA autos,206,1.78,text/html,www.acara.org.ar,1123,,,https://www.acara.org.ar/guia-oficial-de-precios.php
cca,guia CCA (PDF),206,0.44,application/pdf,www.cca.org.ar,4096,,,https://www.cca.org.ar/descargas/precios/Autos.pdf
consumo,portal datos.ambiente (dado de baja?),200,2.6,text/html; charset=utf-8,datos.gob.ar,4096,,,https://datos.ambiente.gob.ar/
consumo,"CSV etiqueta archivado (Wayback, jun-2022)",200,0.62,text/csv,web.archive.org,4096,,,https://web.archive.org/web/20220615112830id_/https://datos.ambiente.gob.ar/dataset/501cb1f2-781d-44d0-9f91-4984587bbe35/resource/fc0039f7-bb75-4960-9a33-3a51955c8e9f/download/ensayos_co2_consumos_09062022.csv
bcra,BCRA pagina institucional,200,2.81,text/html; charset=UTF-8,www.bcra.gob.ar,4096,,,https://www.bcra.gob.ar/apis-banco-central/
bcra,API transparencia: prendarios,200,1.34,application/json; charset=utf-8,api.bcra.gob.ar,4096,,,https://api.bcra.gob.ar/transparencia/v1.0/Prestamos/Prendarios
repuestos,repuestos-express robots,200,0.36,text/plain,repuestos-express.com,170,,,https://repuestos-express.com/robots.txt
repuestos,repuestos-express sitemap,200,0.33,application/xml,repuestos-express.com,4096,,,https://repuestos-express.com/sitemap.xml
repuestos,repuestos-express busqueda,200,0.34,text/html; charset=utf-8,repuestos-express.com,4096,,,https://repuestos-express.com/buscar?cat=filtros
repuestos,repuestos-express producto,200,0.22,text/html; charset=utf-8,repuestos-express.com,4096,,,https://repuestos-express.com/producto/030115561K-H
service,precios de service VW Mataderos,200,0.38,text/html; charset=UTF-8,vwmataderos.com.ar,4096,,,https://vwmataderos.com.ar/institucional/postventa/precios-de-servicio.htm
dnrpa,API CKAN: inscripciones-iniciales-de-autos,200,0.99,application/json;charset=utf-8,datos.jus.gob.ar,14498,,2026-09-11,https://datos.jus.gob.ar/api/3/action/package_show?id=inscripciones-iniciales-de-autos
dnrpa,descarga: DNRPA. Inscripciones iniciales de autos - 2026,206,0.92,application/zip,datos.jus.gob.ar,4096,,2026-09-11,https://datos.jus.gob.ar/dataset/37c9ad39-f092-44be-9b7f-1201b3c4b7a8/resource/f854085c-73e9-447f-b725-6226b81a1caf/download/dnrpa-inscripciones-iniciales-autos-2026.zip
dnrpa,descarga: DNRPA. Inscripciones iniciales de autos 202608,206,1.03,text/csv,datos.jus.gob.ar,4096,,2026-09-11,https://datos.jus.gob.ar/dataset/37c9ad39-f092-44be-9b7f-1201b3c4b7a8/resource/a7ccb7c5-5523-41ab-a3e3-c8364134c7ba/download/dnrpa-inscripciones-iniciales-autos-202608.csv
dnrpa,API CKAN: transferencias-de-autos,200,0.67,application/json;charset=utf-8,datos.jus.gob.ar,13686,,2026-09-11,https://datos.jus.gob.ar/api/3/action/package_show?id=transferencias-de-autos
dnrpa,descarga: DNRPA. Transferencias de autos - 2026,206,1.03,application/zip,datos.jus.gob.ar,4096,,2026-09-11,https://datos.jus.gob.ar/dataset/f6932e82-a039-4462-968d-7dcda77d1a3e/resource/1bde10bd-0067-4f1d-8e8e-e73ca2dec57f/download/dnrpa-transferencias-autos-2026.zip
dnrpa,descarga: DNRPA. Transferencias de autos - 202608,206,1.19,text/csv,datos.jus.gob.ar,4096,,2026-09-11,https://datos.jus.gob.ar/dataset/f6932e82-a039-4462-968d-7dcda77d1a3e/resource/ff17485b-6711-405f-b628-676216e4d9e0/download/dnrpa-transferencias-autos-202608.csv
dnrpa,API CKAN: prendas-de-autos,200,0.7,application/json;charset=utf-8,datos.jus.gob.ar,12587,,2026-09-11,https://datos.jus.gob.ar/api/3/action/package_show?id=prendas-de-autos
dnrpa,descarga: DNRPA. Prendas de autos - 2026,206,1.13,application/zip,datos.jus.gob.ar,4096,,2026-09-11,https://datos.jus.gob.ar/dataset/679f9056-87e0-48a3-ab8c-4bcb41611466/resource/8684ebb6-98f9-48d5-99bc-15b01a3a3dc8/download/dnrpa-prendas-autos-2026.zip
dnrpa,descarga: DNRPA. Prendas de autos - 202608,206,0.73,text/csv,datos.jus.gob.ar,4096,,2026-09-11,https://datos.jus.gob.ar/dataset/679f9056-87e0-48a3-ab8c-4bcb41611466/resource/d6b3a9b7-660f-40bb-b23d-a2e53137bf67/download/dnrpa-prendas-autos-202608.csv
dnrpa,API CKAN: robos-y-recuperos-de-autos,200,1.02,application/json;charset=utf-8,datos.jus.gob.ar,13259,,2026-09-11,https://datos.jus.gob.ar/api/3/action/package_show?id=robos-y-recuperos-de-autos
dnrpa,descarga: DNRPA. Robos y recuperos de autos - 2026,206,0.71,application/zip,datos.jus.gob.ar,4096,,2026-09-11,https://datos.jus.gob.ar/dataset/a9bdfec2-0af4-433a-b810-38c91275a251/resource/ef496f48-2bd7-4635-959d-73038de03329/download/dnrpa-robos-recuperos-autos-2026.zip
dnrpa,descarga: DNRPA. Robos y recuperos de autos - 202608,206,0.88,text/csv,datos.jus.gob.ar,4096,,2026-09-11,https://datos.jus.gob.ar/dataset/a9bdfec2-0af4-433a-b810-38c91275a251/resource/c46fe6e0-6d29-4427-907e-d37c0d7c32c4/download/dnrpa-robos-recuperos-autos-202608.csv
dnrpa,API CKAN: listado-de-registros-seccionales-de-la-dnrnpa,200,1.18,application/json;charset=utf-8,datos.jus.gob.ar,16965,,2026-09-01,https://datos.jus.gob.ar/api/3/action/package_show?id=listado-de-registros-seccionales-de-la-dnrnpa
dnrpa,descarga: Listado de Registros Seccionales de todo el país - 202608,206,0.73,text/csv,datos.jus.gob.ar,4096,,2026-09-01,https://datos.jus.gob.ar/dataset/bbdac295-c88e-4e2d-8f74-a845a2e93a61/resource/a67af271-1b6a-48a3-93e6-c9967e862b0c/download/listado-registros-seccionales-202608.csv
dnrpa,descarga: Listado de Registros Seccionales de todo el país - 2026,206,1.05,application/zip,datos.jus.gob.ar,4096,,2026-08-03,https://datos.jus.gob.ar/dataset/bbdac295-c88e-4e2d-8f74-a845a2e93a61/resource/edff57e0-8416-400c-b55f-0b8c6b7ef9aa/download/listado-registros-seccionales-2026.zip
dnrpa,API CKAN: estadistica-de-tramites-de-automotores,200,1.0,application/json;charset=utf-8,datos.jus.gob.ar,8659,,2026-09-01,https://datos.jus.gob.ar/api/3/action/package_show?id=estadistica-de-tramites-de-automotores
dnrpa,descarga: Estadística de trámites de automotores,206,1.04,application/zip,datos.jus.gob.ar,4096,,2026-09-01,https://datos.jus.gob.ar/dataset/1ab0cc03-ab9b-4520-975c-5757d87d1061/resource/9828e526-7db8-4556-9740-052673273f17/download/estadistica-tramites-automotores.zip
dnrpa,descarga: Estadística de transferencias de automotores - 200001 - 202608,206,1.02,text/csv,datos.jus.gob.ar,4096,,2026-09-01,https://datos.jus.gob.ar/dataset/1ab0cc03-ab9b-4520-975c-5757d87d1061/resource/7912aa2b-7e9a-49dd-8c14-0570ca043d27/download/estadistica-transferencias-automotores-2000-01-2026-08.csv
combustible,API CKAN: precios-en-surtidor,200,1.0,application/json;charset=utf-8,datos.energia.gob.ar,6243,,2026-10-01,http://datos.energia.gob.ar/api/3/action/package_show?id=precios-en-surtidor
combustible,descarga: Precios históricos,200,0.72,text/csv,datos.energia.gob.ar,4096,,2026-10-01,http://datos.energia.gob.ar/dataset/1c181390-5045-475e-94dc-410429be4b17/resource/f8dda0d5-2a9f-4d34-b79b-4e63de3995df/download/precios-historicos.csv
combustible,descarga: Precios vigentes en surtidor - Resolución 314/2016,200,0.71,text/csv,datos.energia.gob.ar,4096,,2026-10-01,http://datos.energia.gob.ar/dataset/1c181390-5045-475e-94dc-410429be4b17/resource/80ac25de-a44a-4445-9215-090cf55cfda5/download/precios-en-surtidor-resolucin-3142016.csv
