marca,familia,archivo_commons
BAIC,BJ30,"Beijing BJ30, front 1.jpg"
BAIC,X55 CROSSOVER,Baic X55 Automesse Ludwigsburg 2023 1X7A0062.jpg
BYD,ATTO 2,BYD Atto 2 DSC 8763.jpg
BYD,DOLPHIN MINI,BYD DOLPHIN MINI (BRAZIL) BYD SEAGULL.jpg
BYD,SONG PRO DM-i,BYD Song Pro DM-i facelift img1.jpg
BYD,YUAN PRO,BYD Yuan Pro IMG003.jpg
CHANGAN,CS55,Changan CS55 Plus II 009.jpg
CHERY,TIGGO 7,Chery Tiggo 7 Pro Hybrid 2025.jpg
CHEVROLET,MONTANA PICK - UP,2023 Chevrolet Montana Premier (Brazil) front view 01.jpg
CHEVROLET,ONIX,Chevrolet Onix Mk2 RS 2020 in Maldonado - front.jpg
CHEVROLET,S-10 PICK - UP,2025 Chevrolet S-10 2.8 Duramax LTZ 4x4.jpg
CHEVROLET,SPIN,2025 Chevrolet Spin 1.8 LT (front).jpg
CHEVROLET,TRACKER,2026 Chevrolet Tracker 1.2 LT (facelift).jpg
CITROEN,BASALT,Citroen Basalt Turbo 200 Shine 2025.jpg
CITROEN,BERLINGO,2005 Citroën Berlingo (M59 Series II) van (22082762158).jpg
CITROEN,C 3,Citroen C3 CC21 front 20230524 (cropped).jpg
CITROEN,C 3 AIRCROSS,Citroën C3 Aircross 2024 Shine 1.0 Turbo 200 in Montevideo (front).jpg
FIAT,600,Fiat 600 (2023) Hybrid.jpg
FIAT,ARGO,"2023 Fiat Argo 1.3 Drive (facelift, Brazil).jpg"
FIAT,CRONOS,2024 Fiat Cronos 1.3 GSE Precision.jpg
FIAT,FASTBACK,2023 Fiat Fastback (Colombia) front view.png
FIAT,FIORINO,2023 Fiat Fiorino Endurance 1.4 Fire Evo (facelift).jpg
FIAT,MOBI,Fiat Mobi Trekking 1.0 2021 in Montevideo (front) (cropped).jpg
FIAT,PULSE,2023 Fiat Pulse Impetus (Colombia) front view 01.jpg
FIAT,STRADA PICK - UP,Fiat Strada 2020 Volcano in Montevideo (front).jpg
FIAT,TITANO PICK UP,2026 Fiat Titano Ranch in Argentina.jpg
FIAT,TORO PICK UP,Fiat Toro 2022 1.8 Freedom in Punta del Este (front).jpg
FORD,BRONCO SPORT,Ford Bronco Sport Badlands 1X7A0384.jpg
FORD,EVEREST,Ford Everest Limited 2023 Aluminum Metallic.jpg
FORD,F-150 PICK - UP,2021 Ford F-150 (fourteenth generation) front view 01.png
FORD,MAVERICK PICK - UP,"2022 Ford Maverick XLT AWD, Front Right, 10-10-2021.jpg"
FORD,RANGER PICK - UP,"Ford Ranger (T6, P703) Wildtrak IMG 7320.jpg"
FORD,TERRITORY,2023 Ford Territory KIMLIN88 front.jpg
FORD,TRANSIT,Ford Transit 2.2 TDCi 2020.jpg
HAVAL,H 6,2022 Haval H6 HEV Ultra.jpg
HAVAL,JOLION,2025 Haval Jolion white front.jpg
HONDA,HR-V,Honda HR-V Hybrid 1X7A0388.jpg
HONDA,WR-V,2026 Honda WR-V Prestige (Colombia) front view.jpg
HYUNDAI,CRETA,2023 Hyundai Creta Smart.jpg
HYUNDAI,HB20,2023 Hyundai HB20 1.0 T-GDi Platinum Plus (Brazil) front view.png
JEEP,COMMANDER,2023 Jeep Commander Overland T270 (Colombia) front view.jpg
JEEP,COMPASS,Jeep Compass (MP) PHEV Facelift 1X7A0140.jpg
JEEP,RENEGADE,Jeep Renegade 4xe 1X7A6025.jpg
KIA,K3,2024 Kia K3 Cross GT Line (Colombia) front view.png
MERCEDES BENZ,SPRINTER,2017 Mercedes-Benz Sprinter 513 CDi 2.1 (G4S Van) Front.jpg
MG,3 HYBRID,2024 MG3 1.5 Hybrid+.jpg
MG,ZS,MG ZS Facelift 1X7A6412.jpg
NISSAN,FRONTIER PICK - UP,2023 Nissan Frontier 2.3 Pro 4X (Argentina).jpg
NISSAN,KICKS,Nissan Kicks (P16) DSC 2875.jpg
NISSAN,KICKS PLAY,2025 Nissan Kicks Play au SIAM 2025.jpg
NISSAN,VERSA,Nissan Versa 1.6 Advance 2021.jpg
NISSAN,XTRAIL,Nissan X-Trail (T33) 1X7A7179.jpg
PEUGEOT,2008,2024 Peugeot 2008 Active 1.0 T200 (Argentina).jpg
PEUGEOT,208,Peugeot 208 PureTech 130 EAT8 Allure GT-Line (II) – f 17102021.jpg
PEUGEOT,3008,Peugeot e-3008 Automesse Ludwigsburg 2024 IMG 1537.jpg
PEUGEOT,PARTNER,Peugeot Partner Quicksilver HDI (2005) (52181857243).jpg
RAM,DAKOTA PICK - UP,Ram Dakota South America front left 1 - Autosdeprimera.jpg
RAM,RAMPAGE PICK -UP,2024 Ram Rampage Rebel (Brazil) front view.png
RENAULT,ARKANA E-TECH,Renault ARKANA E-TECH Engineered (7AA-LJLH4MH).jpg
RENAULT,DUSTER,2024 Renault Duster 1.3 TCe Turbo Iconic.jpg
RENAULT,DUSTER OROCH PICK - UP,2023 Renault Oroch Outsider 1.3 TCe 4wd.jpg
RENAULT,KANGOO,2021 Renault Kangoo 1.6 Express Confort.jpg
RENAULT,KANGOO II EXPRESS,2021 Renault Kangoo 1.6 SCe Express.jpg
RENAULT,KARDIAN,Renault Kardian 2024 Evolution 1.0 TCe in Montevideo (front) 01.jpg
RENAULT,KWID,2023 Renault Kwid Iconic (Colombia) front view 02.png
RENAULT,SANDERO,Renault Sandero em Moab.jpg
RENAULT,SANDERO STEPWAY,2022 Renault Stepway 1.6 Zen.jpg
TOYOTA,COROLLA,"Toyota Corolla Hybrid Sedan, GIMS 2019, Le Grand-Saconnex (GIMS1338).jpg"
TOYOTA,COROLLA CROSS,"2022 Toyota Corolla Cross L FWD, Front Left, 11-21-2021.jpg"
TOYOTA,HIACE,Toyota Hiace GL Grandia 2019.jpg
TOYOTA,HILUX PICK - UP,Toyota Hilux 4x2 E 2021.jpg
TOYOTA,HILUX SW4,2021 Toyota Fortuner 4.0 SRV 4x4 (Colombia) front view.png
TOYOTA,RAV - 4,2019 Toyota RAV4 Hybrid 01.jpg
TOYOTA,YARIS,2025 Toyota Yaris XLS+ (2nd facelift) in Argentina.jpg
TOYOTA,YARIS CROSS,Toyota Yaris Cross S HEV GR (2024-02-21).jpg
VOLKSWAGEN,AMAROK PICK - UP,"2024 Volkswagen Amarok Highline 3.0 V6 (facelift, Argentina) (1-3).jpg"
VOLKSWAGEN,NIVUS,2021 Volkswagen Nivus 200 TSi Comfortline.jpg
VOLKSWAGEN,POLO,Volkswagen Polo Track 1.6 MSi 2023.jpg
VOLKSWAGEN,SAVEIRO PICK - UP,2024 Volkswagen Saveiro 1.6 MSi Trendline (front).jpg
VOLKSWAGEN,T-CROSS,Volkswagen T-Cross (2023) 1X7A2499.jpg
VOLKSWAGEN,TAOS,2026 Volkswagen Taos Highline (facelift) in Argentina.jpg
VOLKSWAGEN,TERA,2025 Volkswagen Tera 1.0 High (Colombia) front view.png
VOLKSWAGEN,VIRTUS,Volkswagen Virtus Trendline 2023 (54196184648).jpg
