marca,familia,alcance,url
VOLKSWAGEN,TERA,modelo,https://www.volkswagen.com.ar/es/modelos/tera.html
VOLKSWAGEN,POLO,modelo,https://www.volkswagen.com.ar/es/modelos/nuevo-polo.html
VOLKSWAGEN,AMAROK PICK - UP,modelo,https://www.volkswagen.com.ar/es/modelos/nueva-amarok.html
VOLKSWAGEN,TAOS,modelo,https://www.volkswagen.com.ar/es/modelos/nuevo-taos.html
VOLKSWAGEN,NIVUS,modelo,https://www.volkswagen.com.ar/es/modelos/nuevo-nivus.html
VOLKSWAGEN,T-CROSS,modelo,https://www.volkswagen.com.ar/es/modelos/nuevo-t-cross.html
VOLKSWAGEN,SAVEIRO PICK - UP,modelo,https://www.volkswagen.com.ar/es/modelos/saveiro.html
CHEVROLET,ONIX,modelo,https://www.chevrolet.com.ar/autos-0km/onix-auto-moderno
CHEVROLET,TRACKER,modelo,https://www.chevrolet.com.ar/camionetas-suv/tracker-suv
CHEVROLET,S-10 PICK - UP,modelo,https://www.chevrolet.com.ar/camionetas-pick-up/s10
CHEVROLET,MONTANA PICK - UP,modelo,https://www.chevrolet.com.ar/camionetas-pick-up/montana-pickup
PEUGEOT,208,modelo,https://www.peugeot.com.ar/gama/208.html
PEUGEOT,2008,modelo,https://www.peugeot.com.ar/gama/2008.html
PEUGEOT,PARTNER,modelo,https://www.peugeot.com.ar/gama/nueva-partner.html
RENAULT,KWID,modelo,https://www.renault.com.ar/automoviles/kwid-ice.html
RENAULT,KARDIAN,modelo,https://www.renault.com.ar/automoviles/renault-kardian.html
RENAULT,KANGOO,modelo,https://www.renault.com.ar/automoviles/kangoo.html
FORD,TERRITORY,modelo,https://www.ford.com.ar/crossovers-suvs-4x4/territory/
FORD,RANGER PICK - UP,modelo,https://www.ford.com.ar/crossovers-suvs-4x4/nueva-ranger/
FORD,MAVERICK PICK - UP,modelo,https://www.ford.com.ar/crossovers-suvs-4x4/maverick/
TOYOTA,HILUX PICK - UP,marca,https://www.toyota.com.ar/
TOYOTA,YARIS,marca,https://www.toyota.com.ar/
TOYOTA,COROLLA CROSS,marca,https://www.toyota.com.ar/
TOYOTA,YARIS CROSS,marca,https://www.toyota.com.ar/
TOYOTA,COROLLA,marca,https://www.toyota.com.ar/
TOYOTA,HILUX SW4,marca,https://www.toyota.com.ar/
FIAT,CRONOS,marca,https://www.fiat.com.ar/
FIAT,STRADA PICK - UP,marca,https://www.fiat.com.ar/
FIAT,FIORINO,marca,https://www.fiat.com.ar/
FIAT,ARGO,marca,https://www.fiat.com.ar/
FIAT,TORO PICK UP,marca,https://www.fiat.com.ar/
FIAT,PULSE,marca,https://www.fiat.com.ar/
FIAT,TITANO PICK UP,marca,https://www.fiat.com.ar/
FIAT,FASTBACK,marca,https://www.fiat.com.ar/
FIAT,MOBI,marca,https://www.fiat.com.ar/
JEEP,COMPASS,marca,https://www.jeep.com.ar/
JEEP,RENEGADE,marca,https://www.jeep.com.ar/
CITROEN,C 3,marca,https://www.citroen.com.ar/
CITROEN,BASALT,marca,https://www.citroen.com.ar/
CITROEN,C 3 AIRCROSS,marca,https://www.citroen.com.ar/
CITROEN,BERLINGO,marca,https://www.citroen.com.ar/
