marca,familia,video_id
FIAT,CRONOS,37uDhRRY_gI
FORD,RANGER PICK - UP,IA31LnsgxoI
FORD,TERRITORY,GwMNii2AtHQ
CHEVROLET,TRACKER,88RGBJENPVA
PEUGEOT,208,UoAfNW0IEpA
VOLKSWAGEN,TERA,U_NrfdvORRA
VOLKSWAGEN,AMAROK PICK - UP,8IOjKoZ3f5s
TOYOTA,YARIS,o-dTBEqeM-Q
TOYOTA,YARIS CROSS,G5CObiBYXIw
VOLKSWAGEN,POLO,WKBdCJRpHxw
PEUGEOT,2008,kNPfYefSHQ8
VOLKSWAGEN,TAOS,_W9m-ZcqnSA
RENAULT,KWID,JPBdHZWvL88
RENAULT,KARDIAN,iHUglQ9O87U
TOYOTA,HILUX PICK - UP,80eyq7Icnrw
TOYOTA,COROLLA CROSS,j1SS2HB-BJg
CHEVROLET,ONIX,cXrPmsighI8
JEEP,COMPASS,OtovGPc8B_Y
VOLKSWAGEN,NIVUS,PNX3fh6lgwg
FIAT,STRADA PICK - UP,R9QbNa1AHiU
BAIC,BJ30,ZO2Jk1L3Peg
TOYOTA,COROLLA,8kTl6_XBu6M
FIAT,FIORINO,dFfUursaWLY
JEEP,RENEGADE,nQ_Vd7731_c
FIAT,ARGO,I1o0thEmlWY
VOLKSWAGEN,T-CROSS,oXtuDqETsiE
CITROEN,C 3,u7dGWivEx48
CITROEN,BASALT,f5Z1YQ3me0s
FIAT,TORO PICK UP,PZrjYFbzwiU
TOYOTA,HILUX SW4,wNfSWDcGCeQ
CITROEN,C 3 AIRCROSS,0MrOvZLk9d4
FIAT,PULSE,YB19c3qZNBE
FIAT,TITANO PICK UP,w-r8QNe24b4
CHEVROLET,S-10 PICK - UP,cW5apC2hV1E
CHEVROLET,MONTANA PICK - UP,hYbqeyz0rOI
RENAULT,KANGOO,0GkcqERiQps
FORD,MAVERICK PICK - UP,QfzSj79AdCI
HYUNDAI,HB20,nTOTzQtD5Qc
PEUGEOT,PARTNER,6tFxqJe06-Y
NISSAN,FRONTIER PICK - UP,rLAuL9W0xBo
MERCEDES BENZ,SPRINTER,0kNAt0uwjEY
CITROEN,BERLINGO,XZ9nzJb0Zy0
FIAT,FASTBACK,C-goceuKRh4
FIAT,MOBI,LwtFyw4TcYU
VOLKSWAGEN,SAVEIRO PICK - UP,ZLYI_quMguU
RENAULT,KANGOO II EXPRESS,0GkcqERiQps
BYD,SONG PRO DM-i,3k7TLgduwZo
NISSAN,KICKS PLAY,HIwKwNxcXt4
BYD,ATTO 2,CE4VeXMxob0
RAM,RAMPAGE PICK -UP,Pf_ixrNL8u0
BYD,DOLPHIN MINI,4KEQCspWAXY
HAVAL,H 6,Fo-AuGUQ1l8
KIA,K3,SDuKMgaIt4I
RENAULT,DUSTER,giXzoCjaqLI
CHEVROLET,SPIN,U_z4segeKos
FORD,BRONCO SPORT,mJRvkK7Evy8
CHERY,TIGGO 7,Hg-nWNcI_Xc
HONDA,HR-V,A9KDRAxOr9w
HAVAL,JOLION,1Z6AVR5nxFQ
RAM,DAKOTA PICK - UP,7VGjeUjz1EY
VOLKSWAGEN,VIRTUS,vScBcOT4IjA
RENAULT,ARKANA E-TECH,-paq3kKq61o
NISSAN,VERSA,R4TJSno42D4
FORD,EVEREST,thTTzNTB4fs
HONDA,WR-V,OzhSM7skj98
MG,ZS,4nS6je5jmts
NISSAN,KICKS,IydyEoC8EZw
NISSAN,XTRAIL,GDh7RwO8jBk
RENAULT,DUSTER OROCH PICK - UP,AwleFDQ_ZBs
CHANGAN,CS55,29ZB8sDtBA4
BAIC,X55 CROSSOVER,fH-mdXuW7Gk
HYUNDAI,CRETA,jkMJoUr5w00
MG,3 HYBRID,vNBtC76Cs58
RENAULT,SANDERO STEPWAY,6YnIti-r7_Y
FORD,F-150 PICK - UP,SdqBdlUiVzU
JEEP,COMMANDER,_1lTu8OPEIM
BYD,YUAN PRO,qn5D_kYFBYc
PEUGEOT,3008,_HjIILcnogI
TOYOTA,HIACE,ZRMdNt3hgUE
FIAT,600,twCzClqLUTw
TOYOTA,RAV - 4,REO1LTa-M5E
FORD,TRANSIT,Vc23lfLSKYs
RENAULT,SANDERO,h2AH_Bqc32o
